,price_buy,price_sell,fill_size,timestamp_buy,timestamp_sell,gain_lost
OKhzdl20042,9742.9,9688.4,0.0011,2020-05-09 06:53,2020-05-09 09:05,-0.09189775000000111
OKhzdl20045,9673.8,9628.0,0.0011,2020-05-09 06:55,2020-05-09 10:22,-0.07684112000000098
OKhzdl20049,9701.3,9612.3,0.0011,2020-05-09 06:56,2020-05-09 10:46,-0.12959680500000026
OKhzdl20048,9702.0,9644.9,0.0011,2020-05-09 06:56,2020-05-09 07:02,-0.08931756499999999
OKhzdl200416,9666.5,9571.0,0.0011,2020-05-09 07:03,2020-05-09 11:31,-0.13135446000000073
OKhzdl200420,9700.2,9693.3,0.0011,2020-05-09 07:05,2020-05-09 13:43,-0.039553905
OKhzdl20040,9642.9,9686.5,0.0011,2020-05-09 08:13,2020-05-09 08:17,0.016018515000000733
OKhzdl20041,9670.6,9658.3,0.0011,2020-05-09 08:15,2020-05-09 08:33,-0.045378494999999575
OKhzdl20043,9667.1,9711.1,0.0011,2020-05-09 09:01,2020-05-09 09:08,0.01637739499999924
OKhzdl20044,9634.9,9621.8,0.0011,2020-05-09 10:14,2020-05-09 10:25,-0.040854079999999016
OKhzdl20046,9600.1,9588.6,0.0011,2020-05-09 10:28,2020-05-09 10:31,-0.044268649999999354
OKhzdl200411,9636.4,9621.8,0.0011,2020-05-09 11:09,2020-05-09 11:11,-0.04250407999999872
OKhzdl200412,9611.2,9596.6,0.0011,2020-05-09 11:12,2020-05-09 11:17,-0.04243482000000043
OKhzdl200415,9532.3,9577.0,0.0011,2020-05-09 11:30,2020-05-09 11:34,0.022849049999999593
OKhzdl200414,9545.1,9533.9,0.0011,2020-05-09 11:30,2020-05-09 11:30,-0.043758275000001845
OKhzdl200418,9640.9,9684.5,0.0011,2020-05-09 13:14,2020-05-09 13:33,0.016025114999997925
OKhzdl200421,9682.2,9667.8,0.0011,2020-05-09 14:07,2020-05-09 14:21,-0.042410500000000795
OKhzdl200423,9694.0,9679.0,0.0011,2020-05-09 14:57,2020-05-09 15:02,-0.04841674999999945
OKhzdl200424,9653.8,9639.3,0.0011,2020-05-09 15:30,2020-05-09 15:34,-0.04244217499999969
OKhzdl200425,9641.8,9627.3,0.0011,2020-05-09 15:34,2020-05-09 15:35,-0.04769626500000079
OKhzdl200426,9672.5,9716.7,0.0011,2020-05-09 15:48,2020-05-09 16:11,0.02191510500000149
OKhzdl200428,9677.2,9722.2,0.0011,2020-05-09 15:50,2020-05-09 16:11,0.017440799999999257
OKhzdl200427,9678.7,9722.4,0.0011,2020-05-09 15:50,2020-05-09 16:11,0.02134943999999983
OKhzdl200429,9710.1,9754.1,0.0011,2020-05-09 16:12,2020-05-09 16:25,0.01623560500000032
OKhzdl200430,9731.3,9716.5,0.0011,2020-05-09 16:16,2020-05-09 16:20,-0.04832040500000012
OKhzdl200433,9719.0,9763.6,0.0011,2020-05-09 16:35,2020-05-09 16:47,0.022226200000000418
OKhzdl200434,9760.2,9745.5,0.0011,2020-05-09 17:02,2020-05-09 17:04,-0.04830603499999775
OKhzdl200435,9731.7,9775.8,0.0011,2020-05-09 17:14,2020-05-09 17:54,0.021642680000001135
OKhzdl200436,9742.0,9787.4,0.0011,2020-05-09 17:18,2020-05-09 17:54,0.01766579999999962
OKhzdl200440,9767.5,9752.8,0.0011,2020-05-09 17:52,2020-05-09 18:29,-0.0429741099999994
OKhzdl200441,9765.0,9752.2,0.0011,2020-05-09 18:07,2020-05-09 18:29,-0.046238130000000766
OKhzdl200443,9753.7,9741.2,0.0011,2020-05-09 18:47,2020-05-09 18:52,-0.04052223000000055
OKhzdl200445,9751.1,9736.3,0.0011,2020-05-09 19:12,2020-05-09 20:39,-0.04838569500000034
OKhzdl200446,9752.2,9737.5,0.0011,2020-05-09 19:20,2020-05-09 20:38,-0.04293206500000046
OKhzdl200447,9767.2,9752.4,0.0011,2020-05-09 19:44,2020-05-09 19:52,-0.04843878999999873
OKhzdl200448,9742.6,9727.5,0.0011,2020-05-09 19:57,2020-05-09 20:39,-0.04334457500000077
OKhzdl200449,9759.0,9743.8,0.0011,2020-05-09 20:10,2020-05-09 20:34,-0.04349938000000009
OKhzdl200451,9747.7,9733.0,0.0011,2020-05-09 20:35,2020-05-09 20:39,-0.042919699999998784
OKhzdl200452,9740.2,9726.3,0.0011,2020-05-09 20:38,2020-05-09 20:39,-0.0420212849999988
OKhzdl200453,9711.9,9698.5,0.0011,2020-05-09 20:41,2020-05-09 20:42,-0.04672105500000079
OKhzdl200454,9677.0,9662.2,0.0011,2020-05-09 20:42,2020-05-09 20:49,-0.0428351100000004
OKhzdl200455,9688.6,9674.0,0.0011,2020-05-09 20:43,2020-05-09 20:49,-0.042647540000000816
OKhzdl200457,9630.0,9615.7,0.0011,2020-05-09 20:51,2020-05-09 20:53,-0.042157314999998974
OKhzdl200458,9643.0,9628.7,0.0011,2020-05-09 20:51,2020-05-09 20:53,-0.04748088500000058
OKhzdl200460,9606.4,9598.9,0.0011,2020-05-09 21:07,2020-05-09 21:10,-0.03463114500000053
OKhzdl200461,9596.1,9641.5,0.0011,2020-05-09 21:10,2020-05-09 21:12,0.018146905000001823
OKhzdl200463,9616.2,9601.7,0.0011,2020-05-09 21:55,2020-05-09 21:58,-0.04233883499999891
OKhzdl200465,9640.5,9625.8,0.0011,2020-05-09 22:43,2020-05-09 22:45,-0.04262506999999971
OKhzdl200466,9609.5,9594.9,0.0011,2020-05-09 22:47,2020-05-09 22:48,-0.042430144999999087
OKhzdl200468,9575.0,9562.0,0.0011,2020-05-09 22:51,2020-05-09 23:04,-0.040579730000001035
OKhzdl200470,9584.8,9570.3,0.0011,2020-05-09 22:51,2020-05-09 23:04,-0.04225253499999937
OKhzdl200471,9597.6,9583.0,0.0011,2020-05-09 23:00,2020-05-09 23:01,-0.04766018999999844
OKhzdl200474,9620.1,9605.4,0.0011,2020-05-09 23:25,2020-05-09 23:36,-0.04784405000000014
OKhzdl200475,9618.6,9604.1,0.0011,2020-05-09 23:33,2020-05-09 23:36,-0.047619765000000314
OKhzdl200477,9542.6,9529.1,0.0011,2020-05-09 23:47,2020-05-09 23:50,-0.04103930499999997
OKhzdl200482,9557.6,9548.7,0.0011,2020-05-10 00:01,2020-05-10 00:02,-0.03603317500000003
OKhzdl200484,9503.1,9488.8,0.0011,2020-05-10 00:04,2020-05-10 00:04,-0.04180855000000072
OKhzdl200488,9460.1,9503.3,0.0011,2020-05-10 00:05,2020-05-10 00:06,0.016182624999999007
OKhzdl200487,9451.8,9494.6,0.0011,2020-05-10 00:05,2020-05-10 00:06,0.02098551000000093
OKhzdl200493,9446.6,9432.4,0.0011,2020-05-10 00:13,2020-05-10 00:13,-0.046723580000001874
OKhzdl200494,9429.0,9419.8,0.0011,2020-05-10 00:13,2020-05-10 00:13,-0.041089543000000006
OKhzdl200496,9433.5,9420.4,0.0011,2020-05-10 00:14,2020-05-10 00:14,-0.04547401999999856
OKhzdl200498,9370.8,9363.6,0.0011,2020-05-10 00:14,2020-05-10 00:14,-0.038796709999999734
OKhzdl200497,9392.9,9388.8,0.0011,2020-05-10 00:14,2020-05-10 00:14,-0.03546981000000038
OKhzdl200499,9355.0,9340.5,0.0011,2020-05-10 00:15,2020-05-10 00:15,-0.0416209649999999
OKhzdl2004100,9290.5,9286.3,0.0011,2020-05-10 00:15,2020-05-10 00:15,-0.030142005000000083
OKhzdl2004101,9212.5,9198.2,0.0011,2020-05-10 00:15,2020-05-10 00:15,-0.04606129999999986
OKhzdl2004102,9159.8,9166.0,0.0011,2020-05-10 00:15,2020-05-10 00:15,-0.023405119999999613
OKhzdl2004104,9185.6,9185.9,0.0011,2020-05-10 00:15,2020-05-10 00:15,-0.029960734999999517
OKhzdl2004103,9168.2,9166.2,0.0011,2020-05-10 00:15,2020-05-10 00:15,-0.032425780000000515
OKhzdl2004109,9222.6,9216.4,0.0011,2020-05-10 00:16,2020-05-10 00:16,-0.03721131
OKhzdl2004106,9210.8,9253.5,0.0011,2020-05-10 00:16,2020-05-10 00:16,0.021538135000000125
OKhzdl2004105,9202.4,9244.2,0.0011,2020-05-10 00:16,2020-05-10 00:16,0.020573699999999917
OKhzdl2004107,9240.0,9226.0,0.0011,2020-05-10 00:16,2020-05-10 00:16,-0.04075627999999831
OKhzdl2004111,9162.9,9154.9,0.0011,2020-05-10 00:17,2020-05-10 00:17,-0.03396087500000178
OKhzdl2004113,9045.5,9034.2,0.0011,2020-05-10 00:17,2020-05-10 00:17,-0.04222050999999816
OKhzdl2004115,8890.6,8894.6,0.0011,2020-05-10 00:17,2020-05-10 00:17,-0.024930169999999308
OKhzdl2004116,8899.8,8941.5,0.0011,2020-05-10 00:17,2020-05-10 00:18,0.021295625000000484
OKhzdl2004114,8897.5,8899.3,0.0011,2020-05-10 00:17,2020-05-10 00:17,-0.022478395000000262
OKhzdl2004120,8881.2,8875.8,0.0011,2020-05-10 00:18,2020-05-10 00:18,-0.03520818000000148
OKhzdl2004119,8961.0,8946.7,0.0011,2020-05-10 00:18,2020-05-10 00:18,-0.04031866500000092
OKhzdl2004118,8940.0,8936.2,0.0011,2020-05-10 00:18,2020-05-10 00:18,-0.03364735000000074
OKhzdl2004117,8933.7,8941.2,0.0011,2020-05-10 00:18,2020-05-10 00:18,-0.021233840000000725
OKhzdl2004122,8681.9,8670.8,0.0011,2020-05-10 00:18,2020-05-10 00:18,-0.0408021800000018
OKhzdl2004121,8751.7,8751.8,0.0011,2020-05-10 00:18,2020-05-10 00:18,-0.023943009999999987
OKhzdl2004123,8614.0,8617.8,0.0011,2020-05-10 00:19,2020-05-10 00:19,-0.019504740000000353
OKhzdl2004124,8553.4,8550.2,0.0011,2020-05-10 00:19,2020-05-10 00:19,-0.031714499999999646
OKhzdl2004126,8602.9,8595.9,0.0011,2020-05-10 00:19,2020-05-10 00:19,-0.036045205000000635
OKhzdl2004127,8599.6,8599.3,0.0011,2020-05-10 00:19,2020-05-10 00:19,-0.028686414999999243
OKhzdl2004128,8599.4,8600.0,0.0011,2020-05-10 00:20,2020-05-10 00:20,-0.027698720000000066
OKhzdl2004129,8501.1,8490.9,0.0011,2020-05-10 00:20,2020-05-10 00:20,-0.039218964999999884
OKhzdl2004130,8414.6,8408.3,0.0011,2020-05-10 00:20,2020-05-10 00:20,-0.0300389550000002
OKhzdl2004133,8144.1,8153.5,0.0011,2020-05-10 00:20,2020-05-10 00:20,-0.012068675000000084
OKhzdl2004131,8367.8,8373.8,0.0011,2020-05-10 00:20,2020-05-10 00:20,-0.021012819999999266
OKhzdl2004132,8288.1,8291.1,0.0011,2020-05-10 00:20,2020-05-10 00:20,-0.019486845000001196
OKhzdl2004134,8083.6,8068.4,0.0011,2020-05-10 00:21,2020-05-10 00:21,-0.038894789999998736
OKhzdl2004137,8117.1,8160.0,0.0011,2020-05-10 00:21,2020-05-10 00:21,0.020282189999999645
OKhzdl2004136,8118.9,8117.7,0.0011,2020-05-10 00:21,2020-05-10 00:21,-0.02808832500000058
OKhzdl2004135,8120.8,8107.4,0.0011,2020-05-10 00:21,2020-05-10 00:21,-0.04147436000000049
OKhzdl2004139,8196.4,8196.4,0.0011,2020-05-10 00:21,2020-05-10 00:21,-0.022526579999999186
OKhzdl2004143,8526.4,8566.2,0.0011,2020-05-10 00:22,2020-05-10 00:22,0.020237079999999352
OKhzdl2004141,8390.1,8440.0,0.0011,2020-05-10 00:22,2020-05-10 00:22,0.0316939199999986
OKhzdl2004144,8578.8,8564.7,0.0011,2020-05-10 00:22,2020-05-10 00:22,-0.04375231500000076
OKhzdl2004145,8527.2,8521.2,0.0011,2020-05-10 00:22,2020-05-10 00:22,-0.03001924999999872
OKhzdl2004150,8263.0,8259.0,0.0011,2020-05-10 00:23,2020-05-10 00:23,-0.027098630000001123
OKhzdl2004149,8274.7,8277.3,0.0011,2020-05-10 00:23,2020-05-10 00:23,-0.01988892499999828
OKhzdl2004148,8330.7,8329.3,0.0011,2020-05-10 00:23,2020-05-10 00:23,-0.029006074999999854
OKhzdl2004146,8477.3,8478.5,0.0011,2020-05-10 00:23,2020-05-10 00:23,-0.021981894999999696
OKhzdl2004152,8266.8,8260.6,0.0011,2020-05-10 00:24,2020-05-10 00:24,-0.034059539999999444
OKhzdl2004153,8305.8,8344.7,0.0011,2020-05-10 00:24,2020-05-10 00:24,0.019855834999999544
OKhzdl2004156,8406.6,8393.8,0.0011,2020-05-10 00:24,2020-05-10 00:24,-0.0417587699999995
OKhzdl2004154,8375.4,8413.8,0.0011,2020-05-10 00:24,2020-05-10 00:24,0.01911593000000167
OKhzdl2004160,8421.2,8419.1,0.0011,2020-05-10 00:25,2020-05-10 00:25,-0.025448635000000053
OKhzdl2004157,8370.7,8357.1,0.0011,2020-05-10 00:25,2020-05-10 00:25,-0.04251775499999866
OKhzdl2004161,8430.6,8472.4,0.0011,2020-05-10 00:25,2020-05-10 00:25,0.022694870000000478
OKhzdl2004166,8520.0,8520.6,0.0011,2020-05-10 00:26,2020-05-10 00:26,-0.027496900000000934
OKhzdl2004165,8456.1,8459.3,0.0011,2020-05-10 00:26,2020-05-10 00:26,-0.01972912499999957
OKhzdl2004171,8530.7,8531.2,0.0011,2020-05-10 00:27,2020-05-10 00:27,-0.022936729999999628
OKhzdl2004172,8541.4,8528.2,0.0011,2020-05-10 00:27,2020-05-10 00:27,-0.03795848000000035
OKhzdl2004173,8490.9,8488.8,0.0011,2020-05-10 00:27,2020-05-10 00:27,-0.030302040000000474
OKhzdl2004169,8608.2,8593.9,0.0011,2020-05-10 00:27,2020-05-10 00:27,-0.03934905500000063
OKhzdl2004170,8591.1,8591.0,0.0011,2020-05-10 00:27,2020-05-10 00:27,-0.023721080000001393
OKhzdl2004175,8516.0,8507.7,0.0011,2020-05-10 00:28,2020-05-10 00:28,-0.03251214499999833
OKhzdl2004177,8492.4,8484.0,0.0011,2020-05-10 00:28,2020-05-10 00:28,-0.03721620999999864
OKhzdl2004179,8526.8,8510.7,0.0011,2020-05-10 00:28,2020-05-10 00:28,-0.04577425499999954
OKhzdl2004180,8500.7,8496.5,0.0011,2020-05-10 00:29,2020-05-10 00:29,-0.032637425000000775
OKhzdl2004181,8490.4,8490.4,0.0011,2020-05-10 00:29,2020-05-10 00:29,-0.023334600000000094
OKhzdl2004182,8521.5,8508.4,0.0011,2020-05-10 00:29,2020-05-10 00:29,-0.042466669999999596
OKhzdl2004183,8509.1,8507.7,0.0011,2020-05-10 00:29,2020-05-10 00:29,-0.029629718999999
OKhzdl2004185,8536.3,8522.8,0.0011,2020-05-10 00:29,2020-05-10 00:29,-0.04295414999999991
OKhzdl2004186,8500.9,8500.1,0.0011,2020-05-10 00:30,2020-05-10 00:30,-0.02424125499999974
OKhzdl2004187,8503.1,8541.6,0.0011,2020-05-10 00:30,2020-05-10 00:30,0.018874690000000527
OKhzdl2004188,8506.3,8501.5,0.0011,2020-05-10 00:30,2020-05-10 00:30,-0.03331391499999903
OKhzdl2004190,8511.0,8509.2,0.0011,2020-05-10 00:30,2020-05-10 00:30,-0.025366260000000196
OKhzdl2004197,8561.3,8563.2,0.0011,2020-05-10 00:31,2020-05-10 00:31,-0.021444680000000105
OKhzdl2004196,8540.9,8580.3,0.0011,2020-05-10 00:31,2020-05-10 00:31,0.019758324999999743
OKhzdl2004193,8567.8,8556.3,0.0011,2020-05-10 00:31,2020-05-10 00:31,-0.036165715000000986
OKhzdl2004194,8549.3,8550.8,0.0011,2020-05-10 00:31,2020-05-10 00:31,-0.021850600000000497
OKhzdl2004195,8548.2,8588.0,0.0011,2020-05-10 00:31,2020-05-10 00:32,0.020177170000001965
OKhzdl2004198,8575.2,8574.4,0.0011,2020-05-10 00:32,2020-05-10 00:32,-0.029154300000000077
OKhzdl2004201,8594.2,8635.5,0.0011,2020-05-10 00:32,2020-05-10 00:32,0.021696614999999753
OKhzdl2004199,8599.9,8586.5,0.0011,2020-05-10 00:32,2020-05-10 00:32,-0.03833871500000008
OKhzdl2004208,8639.8,8626.8,0.0011,2020-05-10 00:33,2020-05-10 00:33,-0.038009470000000434
OKhzdl2004205,8616.6,8615.2,0.0011,2020-05-10 00:33,2020-05-10 00:33,-0.02994883999999942
OKhzdl2004203,8643.6,8630.4,0.0011,2020-05-10 00:33,2020-05-10 00:33,-0.03823936000000039
OKhzdl2004207,8611.8,8611.6,0.0011,2020-05-10 00:33,2020-05-10 00:33,-0.028616969999998076
OKhzdl2004206,8624.1,8613.1,0.0011,2020-05-10 00:33,2020-05-10 00:33,-0.04050191500000011
OKhzdl2004209,8649.1,8639.1,0.0011,2020-05-10 00:34,2020-05-10 00:34,-0.03948765500000029
OKhzdl2004212,8658.8,8652.8,0.0011,2020-05-10 00:34,2020-05-10 00:34,-0.03038092999999975
OKhzdl2004215,8665.3,8665.3,0.0011,2020-05-10 00:35,2020-05-10 00:35,-0.023815284999997743
OKhzdl2004217,8670.7,8657.1,0.0011,2020-05-10 00:35,2020-05-10 00:35,-0.03875274500000003
OKhzdl2004218,8668.9,8660.5,0.0011,2020-05-10 00:35,2020-05-10 00:35,-0.037798225000001295
OKhzdl2004219,8664.1,8664.6,0.0011,2020-05-10 00:35,2020-05-10 00:35,-0.023263359999999622
OKhzdl2004222,8623.8,8612.3,0.0011,2020-05-10 00:36,2020-05-10 00:36,-0.041049274999998886
OKhzdl2004225,8582.5,8575.8,0.0011,2020-05-10 00:36,2020-05-10 00:37,-0.03564891999999986
OKhzdl2004224,8572.9,8572.9,0.0011,2020-05-10 00:36,2020-05-10 00:36,-0.023561335000000128
OKhzdl2004220,8654.1,8650.0,0.0011,2020-05-10 00:36,2020-05-10 00:36,-0.02828322999999955
OKhzdl2004221,8649.1,8639.0,0.0011,2020-05-10 00:36,2020-05-10 00:36,-0.03485300000000002
OKhzdl2004223,8619.2,8608.3,0.0011,2020-05-10 00:36,2020-05-10 00:36,-0.04037608500000012
OKhzdl2004227,8588.1,8576.6,0.0011,2020-05-10 00:37,2020-05-10 00:37,-0.03622150000000168
OKhzdl2004228,8585.8,8624.5,0.0011,2020-05-10 00:37,2020-05-10 00:37,0.01886685499999885
OKhzdl2004230,8597.8,8637.0,0.0011,2020-05-10 00:37,2020-05-10 00:38,0.01938249999999897
OKhzdl2004226,8583.1,8576.0,0.0011,2020-05-10 00:37,2020-05-10 00:37,-0.031379849999998655
OKhzdl2004231,8623.6,8611.6,0.0011,2020-05-10 00:37,2020-05-10 00:38,-0.041596969999998734
OKhzdl2004233,8647.7,8636.2,0.0011,2020-05-10 00:38,2020-05-10 00:38,-0.036385310000000004
OKhzdl2004235,8621.9,8621.9,0.0011,2020-05-10 00:38,2020-05-10 00:38,-0.023696004999999687
OKhzdl2004232,8633.2,8631.9,0.0011,2020-05-10 00:38,2020-05-10 00:38,-0.02515348499999881
OKhzdl2004236,8611.0,8649.8,0.0011,2020-05-10 00:38,2020-05-10 00:39,0.018907320000000283
OKhzdl2004234,8622.2,8622.8,0.0011,2020-05-10 00:38,2020-05-10 00:38,-0.023038480000000305
OKhzdl2004237,8633.8,8631.0,0.0011,2020-05-10 00:39,2020-05-10 00:39,-0.03154094000000107
OKhzdl2004238,8646.9,8636.9,0.0011,2020-05-10 00:39,2020-05-10 00:40,-0.03473722500000065
OKhzdl2004239,8649.9,8636.9,0.0011,2020-05-10 00:40,2020-05-10 00:40,-0.03803722500000006
OKhzdl2004240,8650.4,8638.8,0.0011,2020-05-10 00:40,2020-05-10 00:40,-0.04124665999999877
OKhzdl2004242,8600.0,8587.6,0.0011,2020-05-10 00:40,2020-05-10 00:40,-0.041577625000000396
OKhzdl2004243,8593.0,8582.4,0.0011,2020-05-10 00:40,2020-05-10 00:40,-0.03524743999999913
OKhzdl2004244,8583.2,8572.9,0.0011,2020-05-10 00:41,2020-05-10 00:41,-0.03489133500000108
OKhzdl2004245,8561.6,8572.1,0.0011,2020-05-10 00:41,2020-05-10 00:41,-0.016692134999999553
OKhzdl2004246,8574.5,8613.9,0.0011,2020-05-10 00:41,2020-05-10 00:42,0.014935444999998992
OKhzdl2004248,8574.1,8613.4,0.0011,2020-05-10 00:41,2020-05-10 00:42,0.0195573600000003
OKhzdl2004252,8604.4,8601.0,0.0011,2020-05-10 00:42,2020-05-10 00:42,-0.027378560000000718
OKhzdl2004253,8604.8,8645.4,0.0011,2020-05-10 00:42,2020-05-10 00:43,0.016151569999999893
OKhzdl2004254,8612.8,8652.6,0.0011,2020-05-10 00:42,2020-05-10 00:45,0.015247829999999851
OKhzdl2004255,8630.1,8631.8,0.0011,2020-05-10 00:43,2020-05-10 00:43,-0.021853209999999734
OKhzdl2004256,8644.7,8633.7,0.0011,2020-05-10 00:43,2020-05-10 00:43,-0.035828434999999104
OKhzdl2004258,8626.4,8613.0,0.0011,2020-05-10 00:44,2020-05-10 00:44,-0.0431415899999994
OKhzdl2004260,8640.3,8682.5,0.0011,2020-05-10 00:45,2020-05-10 00:46,0.017789235000000403
OKhzdl2004261,8646.7,8686.2,0.0011,2020-05-10 00:45,2020-05-10 00:46,0.019577280000001807
OKhzdl2004262,8649.7,8689.3,0.0011,2020-05-10 00:45,2020-05-10 00:46,0.01967875499999927
OKhzdl2004263,8654.7,8694.4,0.0011,2020-05-10 00:45,2020-05-10 00:46,0.014999989999999741
OKhzdl2004264,8658.6,8699.9,0.0011,2020-05-10 00:45,2020-05-10 00:46,0.021519625000001597
OKhzdl2004266,8676.5,8717.6,0.0011,2020-05-10 00:46,2020-05-10 00:47,0.021250979999999586
OKhzdl2004273,8750.8,8741.8,0.0011,2020-05-10 00:47,2020-05-10 00:48,-0.0339255300000012
OKhzdl2004269,8715.8,8762.0,0.0011,2020-05-10 00:47,2020-05-10 00:47,0.026738950000000372
OKhzdl2004280,8744.9,8784.3,0.0011,2020-05-10 00:48,2020-05-10 00:49,0.019197665000000086
OKhzdl2004276,8771.2,8758.0,0.0011,2020-05-10 00:48,2020-05-10 00:48,-0.03859004999999982
OKhzdl2004283,8803.5,8790.2,0.0011,2020-05-10 00:49,2020-05-10 00:50,-0.03878854999999959
OKhzdl2004288,8840.8,8827.5,0.0011,2020-05-10 00:50,2020-05-10 00:51,-0.038891064999999614
OKhzdl2004284,8799.8,8786.7,0.0011,2020-05-10 00:50,2020-05-10 00:50,-0.038558934999999295
OKhzdl2004285,8797.4,8786.2,0.0011,2020-05-10 00:50,2020-05-10 00:50,-0.0364675599999984
OKhzdl2004286,8803.0,8844.3,0.0011,2020-05-10 00:50,2020-05-10 00:50,0.02112276500000121
OKhzdl2004287,8811.6,8802.3,0.0011,2020-05-10 00:50,2020-05-10 00:51,-0.03925580499999981
OKhzdl2004289,8848.8,8836.7,0.0011,2020-05-10 00:50,2020-05-10 00:51,-0.04244924499999847
OKhzdl2004294,8821.4,8808.0,0.0011,2020-05-10 00:51,2020-05-10 00:51,-0.038947470000000095
OKhzdl2004293,8828.1,8822.4,0.0011,2020-05-10 00:51,2020-05-10 00:51,-0.030517050000000268
OKhzdl2004290,8823.0,8814.2,0.0011,2020-05-10 00:51,2020-05-10 00:51,-0.03874504999999928
OKhzdl2004291,8808.7,8797.3,0.0011,2020-05-10 00:51,2020-05-10 00:52,-0.036718064999998745
OKhzdl2004297,8788.9,8776.0,0.0011,2020-05-10 00:52,2020-05-10 00:52,-0.04312907999999993
OKhzdl2004296,8805.5,8796.6,0.0011,2020-05-10 00:52,2020-05-10 00:52,-0.033966139999998646
OKhzdl2004300,8758.6,8745.4,0.0011,2020-05-10 00:52,2020-05-10 00:53,-0.03855543000000061
OKhzdl2004298,8749.2,8756.3,0.0011,2020-05-10 00:52,2020-05-10 00:52,-0.021064124999998768
OKhzdl2004302,8778.5,8765.3,0.0011,2020-05-10 00:53,2020-05-10 00:53,-0.04342380499999976
OKhzdl2004303,8769.9,8758.8,0.0011,2020-05-10 00:53,2020-05-10 00:53,-0.04109237000000121
OKhzdl2004304,8742.7,8782.5,0.0011,2020-05-10 00:53,2020-05-10 00:54,0.019642614999998642
OKhzdl2004310,8782.3,8768.9,0.0011,2020-05-10 00:54,2020-05-10 00:55,-0.038840014999999894
OKhzdl2004308,8783.7,8770.4,0.0011,2020-05-10 00:54,2020-05-10 00:54,-0.03873412999999992
OKhzdl2004309,8789.0,8775.5,0.0011,2020-05-10 00:54,2020-05-10 00:54,-0.03896815500000095
OKhzdl2004311,8775.8,8768.6,0.0011,2020-05-10 00:54,2020-05-10 00:55,-0.03201919000000153
OKhzdl2004314,8714.7,8701.9,0.0011,2020-05-10 00:55,2020-05-10 00:56,-0.042774735000000064
OKhzdl2004315,8730.2,8717.1,0.0011,2020-05-10 00:55,2020-05-10 00:56,-0.04315486499999999
OKhzdl2004312,8732.5,8722.6,0.0011,2020-05-10 00:55,2020-05-10 00:55,-0.039652999999999494
OKhzdl2004317,8719.0,8707.7,0.0011,2020-05-10 00:56,2020-05-10 00:56,-0.041143865000000446
OKhzdl2004318,8680.3,8679.4,0.0011,2020-05-10 00:56,2020-05-10 00:56,-0.029610540000000185
OKhzdl2004319,8654.7,8654.7,0.0011,2020-05-10 00:56,2020-05-10 00:56,-0.023786155000001585
OKhzdl2004320,8629.4,8620.4,0.0011,2020-05-10 00:56,2020-05-10 00:57,-0.03359188000000124
OKhzdl2004316,8721.8,8715.3,0.0011,2020-05-10 00:56,2020-05-10 00:56,-0.03588892500000185
OKhzdl2004321,8616.4,8603.9,0.0011,2020-05-10 00:57,2020-05-10 00:57,-0.03739653500000095
OKhzdl2004322,8563.9,8561.3,0.0011,2020-05-10 00:57,2020-05-10 00:57,-0.026389454999998563
OKhzdl2004324,8598.6,8592.0,0.0011,2020-05-10 00:57,2020-05-10 00:57,-0.03087383000000088
OKhzdl2004325,8611.3,8650.1,0.0011,2020-05-10 00:57,2020-05-10 00:58,0.0189064950000013
OKhzdl2004326,8614.2,8661.3,0.0011,2020-05-10 00:58,2020-05-10 00:58,0.023249144999999416
OKhzdl2004328,8680.0,8666.9,0.0011,2020-05-10 00:58,2020-05-10 00:58,-0.038229675000000185
OKhzdl2004331,8711.1,8708.9,0.0011,2020-05-10 00:59,2020-05-10 00:59,-0.02635511499999943
OKhzdl2004335,8669.7,8657.0,0.0011,2020-05-10 01:00,2020-05-10 01:00,-0.042516680000000306
OKhzdl2004333,8695.8,8686.9,0.0011,2020-05-10 01:00,2020-05-10 01:00,-0.03366464499999999
OKhzdl2004334,8679.5,8666.3,0.0011,2020-05-10 01:00,2020-05-10 01:00,-0.03833803499999888
OKhzdl2004339,8738.3,8727.0,0.0011,2020-05-10 01:01,2020-05-10 01:01,-0.036414860000000715
OKhzdl2004342,8729.3,8715.4,0.0011,2020-05-10 01:02,2020-05-10 01:03,-0.04402925000000124
OKhzdl2004346,8686.8,8729.5,0.0011,2020-05-10 01:05,2020-05-10 01:07,0.018184255000001315
OKhzdl2004348,8735.9,8725.2,0.0011,2020-05-10 01:07,2020-05-10 01:07,-0.03574990999999983
OKhzdl2004349,8732.6,8730.4,0.0011,2020-05-10 01:07,2020-05-10 01:07,-0.03120872000000041
OKhzdl2004351,8733.0,8719.5,0.0011,2020-05-10 01:09,2020-05-10 01:10,-0.0388142449999993
OKhzdl2004356,8720.8,8711.7,0.0011,2020-05-10 01:17,2020-05-10 01:17,-0.0339528050000002
OKhzdl2004359,8755.0,8741.8,0.0011,2020-05-10 01:27,2020-05-10 01:28,-0.03854553000000038
OKhzdl2004360,8716.1,8706.1,0.0011,2020-05-10 01:28,2020-05-10 01:29,-0.03970858499999963
OKhzdl2004363,8725.0,8711.9,0.0011,2020-05-10 01:30,2020-05-10 01:30,-0.0383533550000017
OKhzdl2004364,8697.5,8689.1,0.0011,2020-05-10 01:30,2020-05-10 01:30,-0.0378925249999984
OKhzdl2004367,8668.4,8655.2,0.0011,2020-05-10 01:31,2020-05-10 01:32,-0.042535270000000125
OKhzdl2004365,8688.9,8676.5,0.0011,2020-05-10 01:31,2020-05-10 01:31,-0.03748606500000129
OKhzdl2004366,8649.1,8699.6,0.0011,2020-05-10 01:31,2020-05-10 01:32,0.026862849999998772
OKhzdl2004369,8698.6,8688.2,0.0011,2020-05-10 01:37,2020-05-10 01:44,-0.04008956000000019
OKhzdl2004370,8651.1,8638.8,0.0011,2020-05-10 01:46,2020-05-10 01:46,-0.04201665999999804
OKhzdl2004371,8611.5,8606.6,0.0011,2020-05-10 01:47,2020-05-10 01:47,-0.02904395000000015
OKhzdl2004372,8610.3,8597.3,0.0011,2020-05-10 01:47,2020-05-10 01:47,-0.03792839499999978
OKhzdl2004373,8585.4,8625.0,0.0011,2020-05-10 01:47,2020-05-10 01:48,0.015118840000001299
OKhzdl2004376,8627.2,8617.6,0.0011,2020-05-10 01:48,2020-05-10 01:49,-0.034244190000000785
OKhzdl2004378,8606.8,8651.0,0.0011,2020-05-10 01:50,2020-05-10 01:51,0.024844019999999745
OKhzdl2004384,8677.4,8716.7,0.0011,2020-05-10 02:01,2020-05-10 02:11,0.01927345500000044
OKhzdl2004385,8653.4,8646.1,0.0011,2020-05-10 02:17,2020-05-10 02:17,-0.031792514999999355
OKhzdl2004393,8605.1,8593.2,0.0011,2020-05-10 03:05,2020-05-10 03:06,-0.03670712999999992
OKhzdl2004404,8459.3,8459.9,0.0011,2020-05-10 03:11,2020-05-10 03:11,-0.027236735000000678
OKhzdl2004405,8465.6,8453.9,0.0011,2020-05-10 03:11,2020-05-10 03:11,-0.0361042850000004
OKhzdl2004402,8539.9,8527.4,0.0011,2020-05-10 03:11,2020-05-10 03:11,-0.041869320000001764
OKhzdl2004403,8526.4,8514.1,0.0011,2020-05-10 03:11,2020-05-10 03:11,-0.041605464999998176
OKhzdl2004410,8478.0,8472.2,0.0011,2020-05-10 03:12,2020-05-10 03:12,-0.03431729999999966
OKhzdl2004406,8429.2,8423.7,0.0011,2020-05-10 03:12,2020-05-10 03:12,-0.03382736499999872
OKhzdl2004407,8368.5,8413.0,0.0011,2020-05-10 03:12,2020-05-10 03:12,0.025828130000000726
OKhzdl2004409,8481.9,8471.2,0.0011,2020-05-10 03:12,2020-05-10 03:12,-0.039704000000000406
OKhzdl2004411,8472.0,8513.3,0.0011,2020-05-10 03:12,2020-05-10 03:13,0.017347174999999382
OKhzdl2004414,8512.5,8502.9,0.0011,2020-05-10 03:13,2020-05-10 03:13,-0.03392895500000037
OKhzdl2004417,8498.1,8538.2,0.0011,2020-05-10 03:14,2020-05-10 03:14,0.020644029999999702
OKhzdl2004418,8535.3,8523.2,0.0011,2020-05-10 03:14,2020-05-10 03:14,-0.03673473999999999
OKhzdl2004420,8547.3,8587.4,0.0011,2020-05-10 03:15,2020-05-10 03:16,0.020508809999999045
OKhzdl2004419,8546.9,8585.4,0.0011,2020-05-10 03:15,2020-05-10 03:16,0.018754310000000274
OKhzdl2004421,8584.9,8572.2,0.0011,2020-05-10 03:17,2020-05-10 03:17,-0.042237050000000664
OKhzdl2004422,8576.9,8568.8,0.0011,2020-05-10 03:17,2020-05-10 03:19,-0.032460069999999064
OKhzdl2004424,8589.7,8576.4,0.0011,2020-05-10 03:17,2020-05-10 03:18,-0.03820095000000023
OKhzdl2004428,8614.7,8601.7,0.0011,2020-05-10 03:21,2020-05-10 03:21,-0.03794048499999825
OKhzdl2004429,8584.4,8574.3,0.0011,2020-05-10 03:24,2020-05-10 03:24,-0.03467518500000111
OKhzdl2004431,8587.3,8574.4,0.0011,2020-05-10 03:24,2020-05-10 03:25,-0.037755460000001406
OKhzdl2004433,8602.3,8641.3,0.0011,2020-05-10 03:42,2020-05-10 03:49,0.01915067500000056
OKhzdl2004434,8604.4,8592.4,0.0011,2020-05-10 04:00,2020-05-10 04:00,-0.04145345000000056
OKhzdl2004435,8582.2,8578.3,0.0011,2020-05-10 04:00,2020-05-10 04:02,-0.02786617499999977
OKhzdl2004436,8569.5,8565.5,0.0011,2020-05-10 04:02,2020-05-10 04:02,-0.03264495500000031
OKhzdl2004438,8594.6,8581.7,0.0011,2020-05-10 04:03,2020-05-10 04:03,-0.03777552499999892
OKhzdl2004439,8543.5,8583.1,0.0011,2020-05-10 04:12,2020-05-10 04:14,0.01525700500000049
OKhzdl2004441,8527.9,8515.1,0.0011,2020-05-10 04:29,2020-05-10 04:29,-0.037482484999999954
OKhzdl2004442,8531.0,8518.2,0.0011,2020-05-10 04:29,2020-05-10 04:29,-0.04216897999999958
OKhzdl2004443,8540.8,8530.0,0.0011,2020-05-10 04:30,2020-05-10 04:31,-0.039941665000000626
OKhzdl2004448,8507.7,8547.1,0.0011,2020-05-10 04:45,2020-05-10 04:59,0.015155714999998793
OKhzdl2004449,8502.3,8540.9,0.0011,2020-05-10 04:46,2020-05-10 04:51,0.014296164999999306
OKhzdl2004450,8530.5,8518.3,0.0011,2020-05-10 04:51,2020-05-10 04:55,-0.041488024999999595
OKhzdl2004454,8616.2,8608.7,0.0011,2020-05-10 05:06,2020-05-10 05:07,-0.031909724999998446
OKhzdl2004453,8621.2,8615.1,0.0011,2020-05-10 05:06,2020-05-10 05:06,-0.03038731500000047
OKhzdl2004455,8607.1,8594.9,0.0011,2020-05-10 05:08,2020-05-10 05:10,-0.041761904999999544
OKhzdl2004456,8615.9,8611.3,0.0011,2020-05-10 05:14,2020-05-10 05:15,-0.0334559849999998
OKhzdl2004462,8571.3,8612.1,0.0011,2020-05-10 06:09,2020-05-10 06:22,0.016481374999999687
OKhzdl2004463,8612.2,8653.3,0.0011,2020-05-10 07:03,2020-05-10 07:15,0.01667552499999836
OKhzdl2004465,8674.7,8713.8,0.0011,2020-05-10 07:16,2020-05-10 07:16,0.019061419999999885
OKhzdl2004467,8711.8,8698.7,0.0011,2020-05-10 07:16,2020-05-10 07:16,-0.04309418499999751
OKhzdl2004472,8697.0,8738.9,0.0011,2020-05-10 07:22,2020-05-10 07:27,0.017273254999997434
OKhzdl2004476,8760.0,8746.8,0.0011,2020-05-10 07:29,2020-05-10 07:31,-0.03855926999999859
OKhzdl2004475,8755.8,8743.0,0.0011,2020-05-10 07:29,2020-05-10 07:31,-0.03810882999999876
OKhzdl2004479,8767.8,8754.4,0.0011,2020-05-10 07:30,2020-05-10 07:30,-0.038800159999999195
OKhzdl2004478,8771.5,8759.8,0.0011,2020-05-10 07:30,2020-05-10 07:30,-0.03694499999999934
OKhzdl2004477,8776.8,8763.4,0.0011,2020-05-10 07:30,2020-05-10 07:30,-0.03882489999999983
OKhzdl2004481,8755.1,8742.2,0.0011,2020-05-10 07:30,2020-05-10 07:31,-0.04301763000000136
OKhzdl2004480,8758.9,8745.6,0.0011,2020-05-10 07:30,2020-05-10 07:31,-0.03866597000000205
OKhzdl2004482,8714.3,8754.1,0.0011,2020-05-10 07:35,2020-05-10 07:39,0.014913135000000466
OKhzdl2004486,8799.0,8786.5,0.0011,2020-05-10 07:54,2020-05-10 08:00,-0.04272370500000022
OKhzdl2004487,8798.8,8786.5,0.0011,2020-05-10 07:54,2020-05-10 08:00,-0.04250370499999967
OKhzdl2004484,8798.9,8786.5,0.0011,2020-05-10 07:54,2020-05-10 08:00,-0.04261370499999906
OKhzdl2004488,8797.5,8785.2,0.0011,2020-05-10 07:55,2020-05-10 08:00,-0.03767481000000217
OKhzdl2004489,8799.5,8786.5,0.0011,2020-05-10 07:56,2020-05-10 08:00,-0.04327370499999894
OKhzdl2004490,8812.5,8812.3,0.0011,2020-05-10 07:57,2020-05-10 07:59,-0.029278785000000696
OKhzdl2004491,8820.0,8813.9,0.0011,2020-05-10 07:57,2020-05-10 07:59,-0.03577406500000002
OKhzdl2004492,8818.2,8812.1,0.0011,2020-05-10 07:57,2020-05-10 07:59,-0.035768125000000595
OKhzdl2004493,8817.6,8813.9,0.0011,2020-05-10 07:57,2020-05-10 07:59,-0.03313406500000049
OKhzdl2004494,8820.2,8813.9,0.0011,2020-05-10 07:58,2020-05-10 07:59,-0.035994065000000575
OKhzdl2004495,8811.7,8803.4,0.0011,2020-05-10 07:59,2020-05-10 07:59,-0.03815943999999938
OKhzdl2004497,8842.7,8886.8,0.0011,2020-05-10 08:05,2020-05-10 08:06,0.02408596000000074
OKhzdl2004499,8847.1,8888.7,0.0011,2020-05-10 08:05,2020-05-10 08:07,0.021330735000001155
OKhzdl2004498,8859.1,8845.6,0.0011,2020-05-10 08:05,2020-05-10 08:05,-0.03916081000000027
OKhzdl2004501,8885.8,8873.7,0.0011,2020-05-10 08:06,2020-05-10 08:06,-0.04248517000000085
OKhzdl2004500,8873.7,8860.3,0.0011,2020-05-10 08:06,2020-05-10 08:08,-0.039091214999999124
OKhzdl2004503,8864.0,8852.2,0.0011,2020-05-10 08:08,2020-05-10 08:09,-0.04217036000000185
OKhzdl2004505,8864.8,8862.5,0.0011,2020-05-10 08:09,2020-05-10 08:09,-0.03175432499999964
OKhzdl2004507,8865.1,8854.3,0.0011,2020-05-10 08:15,2020-05-10 08:15,-0.041077285000000074
OKhzdl2004509,8780.7,8823.3,0.0011,2020-05-10 08:25,2020-05-10 08:29,0.0177649449999997
OKhzdl2004511,8813.5,8801.4,0.0011,2020-05-10 09:04,2020-05-10 09:07,-0.03749933000000105
OKhzdl2004513,8802.3,8789.1,0.0011,2020-05-10 09:59,2020-05-10 09:59,-0.03867552500000038
OKhzdl2004518,8706.4,8706.1,0.0011,2020-05-10 10:00,2020-05-10 10:00,-0.02903858500000034
OKhzdl2004519,8722.4,8762.1,0.0011,2020-05-10 10:00,2020-05-10 10:07,0.014776754999999753
OKhzdl2004521,8742.8,8730.1,0.0011,2020-05-10 10:01,2020-05-10 10:01,-0.042757724999999525
OKhzdl2004523,8745.5,8785.6,0.0011,2020-05-10 10:02,2020-05-10 10:11,0.01513925999999799
OKhzdl2004525,8738.0,8777.8,0.0011,2020-05-10 10:04,2020-05-10 10:08,0.014834979999999831
OKhzdl2004524,8738.9,8778.7,0.0011,2020-05-10 10:04,2020-05-10 10:08,0.014832014999999643
OKhzdl2004527,8779.0,8765.7,0.0011,2020-05-10 10:12,2020-05-10 10:14,-0.04353511500000096
OKhzdl2004528,8779.1,8768.7,0.0011,2020-05-10 10:13,2020-05-10 10:14,-0.9014630499999985
OKhzdl2004529,8762.7,8751.9,0.0011,2020-05-10 10:15,2020-05-10 10:19,-0.04073961500000145
OKhzdl2004530,8769.6,8756.8,0.0011,2020-05-10 10:17,2020-05-10 10:18,-0.03814675999999828
OKhzdl2004531,8743.9,8736.6,0.0011,2020-05-10 10:19,2020-05-10 10:20,-0.03673930999999975
OKhzdl2004532,8742.1,8782.2,0.0011,2020-05-10 10:21,2020-05-10 10:34,0.01515046999999825
OKhzdl2004534,8747.9,8788.1,0.0011,2020-05-10 10:28,2020-05-10 10:34,0.01524101499999908
OKhzdl2004536,8777.0,8763.8,0.0011,2020-05-10 11:14,2020-05-10 11:16,-0.04341885000000012
OKhzdl2004538,8776.4,8763.9,0.0011,2020-05-10 11:21,2020-05-10 11:23,-0.03783626499999926
OKhzdl2004539,8737.2,8724.0,0.0011,2020-05-10 11:24,2020-05-10 11:26,-0.03849661000000104
OKhzdl2004540,8715.3,8707.2,0.0011,2020-05-10 11:26,2020-05-10 11:26,-0.03284044000000108
OKhzdl2004542,8697.6,8688.3,0.0011,2020-05-10 11:27,2020-05-10 11:42,-0.038879895000000886
OKhzdl2004543,8698.4,8739.9,0.0011,2020-05-10 11:27,2020-05-10 11:40,0.016829955000000396
OKhzdl2004544,8673.9,8713.0,0.0011,2020-05-10 11:42,2020-05-10 11:51,0.019063620000000725
OKhzdl2004547,8741.4,8731.7,0.0011,2020-05-10 11:55,2020-05-10 11:56,-0.03466777499999907
OKhzdl2004550,8719.1,8759.4,0.0011,2020-05-10 13:14,2020-05-10 13:18,0.0154456500000002
OKhzdl2004551,8718.5,8759.4,0.0011,2020-05-10 13:14,2020-05-10 13:18,0.016105650000000082
OKhzdl2004555,8795.5,8782.3,0.0011,2020-05-10 13:56,2020-05-10 13:56,-0.038656835000001166
OKhzdl2004556,8795.5,8782.2,0.0011,2020-05-10 13:56,2020-05-10 13:56,-0.038766560000000894
OKhzdl2004561,8734.3,8723.5,0.0011,2020-05-10 14:22,2020-05-10 14:45,-0.03585523499999965
OKhzdl2004565,8655.0,8643.8,0.0011,2020-05-10 14:55,2020-05-10 14:55,-0.040823149999999586
OKhzdl2004566,8627.2,8667.7,0.0011,2020-05-10 14:55,2020-05-10 14:57,0.015968035000000214
OKhzdl2004568,8651.6,8691.0,0.0011,2020-05-10 14:56,2020-05-10 15:01,0.014681209999999112
OKhzdl2004569,8649.7,8636.7,0.0011,2020-05-10 15:06,2020-05-10 15:07,-0.03803667500000074
OKhzdl2004571,8602.4,8593.4,0.0011,2020-05-10 15:08,2020-05-10 15:08,-0.03351768000000099
OKhzdl2004572,8607.1,8646.5,0.0011,2020-05-10 15:09,2020-05-10 15:11,0.014827945000000398
OKhzdl2004573,8597.4,8646.8,0.0011,2020-05-10 15:09,2020-05-10 15:11,0.025826959999999843
OKhzdl2004575,8613.8,8603.0,0.0011,2020-05-10 15:09,2020-05-10 15:10,-0.03552406000000019
OKhzdl2004576,8600.1,8643.1,0.0011,2020-05-10 15:10,2020-05-10 15:11,0.023545734999999013
OKhzdl2004578,8630.6,8675.6,0.0011,2020-05-10 15:11,2020-05-10 15:15,0.02089199000000086
OKhzdl2004580,8693.2,8681.3,0.0011,2020-05-10 15:35,2020-05-10 15:37,-0.03694925499999968
OKhzdl2004581,8679.3,8665.8,0.0011,2020-05-10 15:37,2020-05-10 15:39,-0.03866666000000052
OKhzdl2004583,8627.9,8615.7,0.0011,2020-05-10 15:46,2020-05-10 15:46,-0.037098965000000206
OKhzdl2004586,8598.0,8636.8,0.0011,2020-05-10 15:47,2020-05-10 15:49,0.014199929999998417
OKhzdl2004585,8578.6,8617.8,0.0011,2020-05-10 15:47,2020-05-10 15:47,0.014702579999999799
OKhzdl2004584,8594.7,8588.4,0.0011,2020-05-10 15:47,2020-05-10 15:47,-0.03525046999999937
OKhzdl2004589,8614.1,8654.8,0.0011,2020-05-10 16:00,2020-05-10 16:01,0.020983579999999336
OKhzdl2004588,8614.9,8655.0,0.0011,2020-05-10 16:00,2020-05-10 16:01,0.015569919999999016
OKhzdl2004594,8628.2,8668.4,0.0011,2020-05-10 16:12,2020-05-10 16:15,0.01563572999999785
OKhzdl2004597,8585.5,8576.6,0.0011,2020-05-10 16:23,2020-05-10 16:23,-0.0333615000000016
OKhzdl2004601,8592.9,8580.0,0.0011,2020-05-10 16:26,2020-05-10 16:26,-0.037770849999999356
OKhzdl2004603,8596.0,8584.8,0.0011,2020-05-10 16:27,2020-05-10 16:27,-0.03591403999999976
OKhzdl2004605,8587.4,8576.3,0.0011,2020-05-10 16:30,2020-05-10 16:34,-0.0404905650000007
OKhzdl2004612,8509.6,8507.1,0.0011,2020-05-10 16:35,2020-05-10 16:35,-0.03080237500000038
OKhzdl2004610,8499.2,8493.4,0.0011,2020-05-10 16:35,2020-05-10 16:35,-0.034387199999999396
OKhzdl2004615,8522.8,8510.3,0.0011,2020-05-10 16:36,2020-05-10 16:36,-0.04181293500000116
OKhzdl2004616,8506.3,8494.0,0.0011,2020-05-10 16:36,2020-05-10 16:39,-0.03687448999999887
OKhzdl2004618,8525.0,8519.7,0.0011,2020-05-10 16:36,2020-05-10 16:37,-0.033923924999999855
OKhzdl2004619,8530.4,8517.6,0.0011,2020-05-10 16:37,2020-05-10 16:37,-0.03748934999999953
OKhzdl2004620,8521.4,8508.4,0.0011,2020-05-10 16:38,2020-05-10 16:38,-0.03768406999999918
OKhzdl2004622,8459.2,8446.5,0.0011,2020-05-10 16:39,2020-05-10 16:40,-0.04182254500000049
OKhzdl2004621,8494.2,8487.0,0.0011,2020-05-10 16:39,2020-05-10 16:39,-0.03590610000000005
OKhzdl2004626,8468.8,8464.6,0.0011,2020-05-10 16:40,2020-05-10 16:40,-0.0325322400000001
OKhzdl2004629,8411.0,8452.6,0.0011,2020-05-10 16:40,2020-05-10 16:41,0.02252928999999959
OKhzdl2004628,8420.3,8410.6,0.0011,2020-05-10 16:40,2020-05-10 16:40,-0.03378528000000003
OKhzdl2004624,8459.3,8454.6,0.0011,2020-05-10 16:40,2020-05-10 16:40,-0.0330492600000003
OKhzdl2004634,8442.3,8435.1,0.0011,2020-05-10 16:41,2020-05-10 16:41,-0.031102615
OKhzdl2004633,8443.3,8481.6,0.0011,2020-05-10 16:41,2020-05-10 16:43,0.014161709999999772
OKhzdl2004632,8450.7,8439.0,0.0011,2020-05-10 16:41,2020-05-10 16:41,-0.03606332999999928
OKhzdl2004631,8421.5,8462.9,0.0011,2020-05-10 16:41,2020-05-10 16:42,0.017633374999999063
OKhzdl2004630,8429.5,8467.7,0.0011,2020-05-10 16:41,2020-05-10 16:42,0.018747795000001233
OKhzdl2004637,8472.7,8459.4,0.0011,2020-05-10 16:42,2020-05-10 16:42,-0.04252508999999982
OKhzdl2004636,8467.8,8455.0,0.0011,2020-05-10 16:42,2020-05-10 16:44,-0.037317299999999776
OKhzdl2004635,8456.0,8495.5,0.0011,2020-05-10 16:42,2020-05-10 16:43,0.015435874999999655
OKhzdl2004640,8482.5,8469.7,0.0011,2020-05-10 16:43,2020-05-10 16:44,-0.0373577049999998
OKhzdl2004641,8480.1,8474.2,0.0011,2020-05-10 16:43,2020-05-10 16:43,-0.02978006999999927
OKhzdl2004645,8512.7,8503.0,0.0011,2020-05-10 16:46,2020-05-10 16:47,-0.0340392300000012
OKhzdl2004643,8506.2,8499.0,0.0011,2020-05-10 16:46,2020-05-10 16:47,-0.03127823000000163
OKhzdl2004647,8448.6,8447.9,0.0011,2020-05-10 16:50,2020-05-10 16:50,-0.023987795000000034
OKhzdl2004648,8461.0,8448.2,0.0011,2020-05-10 16:50,2020-05-10 16:53,-0.037298619999999616
OKhzdl2004653,8380.8,8375.7,0.0011,2020-05-10 16:56,2020-05-10 16:56,-0.028629365000000462
OKhzdl2004661,8376.3,8363.2,0.0011,2020-05-10 16:58,2020-05-10 16:59,-0.03739500999999912
OKhzdl2004662,8355.1,8344.0,0.0011,2020-05-10 16:59,2020-05-10 16:59,-0.03972454999999897
OKhzdl2004665,8295.6,8297.1,0.0011,2020-05-10 16:59,2020-05-10 16:59,-0.02570989499999854
OKhzdl2004666,8293.1,8291.3,0.0011,2020-05-10 16:59,2020-05-10 16:59,-0.02932077500000041
OKhzdl2004667,8261.6,8298.8,0.0011,2020-05-10 16:59,2020-05-10 17:00,0.018111989999999523
OKhzdl2004669,8326.5,8364.5,0.0011,2020-05-10 17:00,2020-05-10 17:00,0.01421784499999923
OKhzdl2004672,8373.0,8371.5,0.0011,2020-05-10 17:00,2020-05-10 17:01,-0.024657814999999417
OKhzdl2004675,8348.0,8386.8,0.0011,2020-05-10 17:01,2020-05-10 17:02,0.015024310000001151
OKhzdl2004674,8370.1,8357.7,0.0011,2020-05-10 17:01,2020-05-10 17:01,-0.04119972500000024
OKhzdl2004676,8345.4,8389.8,0.0011,2020-05-10 17:01,2020-05-10 17:02,0.025781889999999308
OKhzdl2004678,8388.2,8375.0,0.0011,2020-05-10 17:02,2020-05-10 17:03,-0.03753743999999948
OKhzdl2004677,8352.5,8390.6,0.0011,2020-05-10 17:02,2020-05-10 17:02,0.014241780000000759
OKhzdl2004681,8382.1,8369.5,0.0011,2020-05-10 17:03,2020-05-10 17:04,-0.03686232499999953
OKhzdl2004684,8422.2,8409.5,0.0011,2020-05-10 17:05,2020-05-10 17:05,-0.03708225499999962
OKhzdl2004685,8410.2,8448.5,0.0011,2020-05-10 17:05,2020-05-10 17:06,0.018910565000000545
OKhzdl2004686,8426.6,8416.5,0.0011,2020-05-10 17:05,2020-05-10 17:06,-0.034241494999999844
OKhzdl2004688,8449.3,8439.2,0.0011,2020-05-10 17:06,2020-05-10 17:06,-0.034303880000001286
OKhzdl2004689,8421.4,8459.6,0.0011,2020-05-10 17:11,2020-05-10 17:15,0.014124249999998284
OKhzdl2004690,8442.1,8429.7,0.0011,2020-05-10 17:13,2020-05-10 17:15,-0.03680777500000154
OKhzdl2004691,8456.5,8496.9,0.0011,2020-05-10 17:15,2020-05-10 17:20,0.01642125500000091
OKhzdl2004693,8469.0,8511.3,0.0011,2020-05-10 17:18,2020-05-10 17:25,0.018463775000000737
OKhzdl2004694,8516.2,8503.3,0.0011,2020-05-10 17:26,2020-05-10 17:28,-0.0375600450000011
OKhzdl2004696,8518.5,8506.7,0.0011,2020-05-10 17:51,2020-05-10 17:54,-0.04103106500000031
OKhzdl2004697,8518.4,8505.6,0.0011,2020-05-10 17:52,2020-05-10 17:54,-0.037456370000001016
OKhzdl2004703,8445.7,8441.4,0.0011,2020-05-10 18:35,2020-05-10 18:35,-0.027929929999999104
OKhzdl2004705,8446.8,8492.8,0.0011,2020-05-10 18:37,2020-05-10 18:43,0.0272588099999993
OKhzdl2004706,8459.3,8450.1,0.0011,2020-05-10 18:37,2020-05-10 18:38,-0.033343835000000155
OKhzdl2004707,8526.8,8514.9,0.0011,2020-05-10 19:04,2020-05-10 19:06,-0.04116810499999879
OKhzdl2004708,8518.0,8505.1,0.0011,2020-05-10 19:05,2020-05-10 19:17,-0.03756499499999855
OKhzdl2004710,8519.8,8507.6,0.0011,2020-05-10 19:36,2020-05-10 19:39,-0.04147402999999805
OKhzdl2004709,8529.2,8516.4,0.0011,2020-05-10 19:36,2020-05-10 19:36,-0.04216305000000098
OKhzdl2004711,8502.3,8540.6,0.0011,2020-05-10 19:39,2020-05-10 19:57,0.013967149999999151
OKhzdl2004712,8528.7,8515.8,0.0011,2020-05-10 19:47,2020-05-10 19:49,-0.037594399999999695
OKhzdl2004713,8505.8,8544.7,0.0011,2020-05-10 20:00,2020-05-10 20:00,0.014613635000001679
OKhzdl2004717,8629.7,8669.7,0.0011,2020-05-10 20:01,2020-05-10 20:02,0.015411444999999802
OKhzdl2004715,8614.2,8656.2,0.0011,2020-05-10 20:01,2020-05-10 20:02,0.017655960000000803
OKhzdl2004718,8647.6,8686.9,0.0011,2020-05-10 20:02,2020-05-10 20:02,0.019355355000000074
OKhzdl2004720,8726.0,8713.0,0.0011,2020-05-10 20:02,2020-05-10 20:02,-0.04303133999999886
OKhzdl2004721,8690.2,8690.2,0.0011,2020-05-10 20:03,2020-05-10 20:03,-0.023883720000000608
OKhzdl2004722,8708.9,8748.4,0.0011,2020-05-10 20:03,2020-05-10 20:03,0.019406330000000693
OKhzdl2004723,8742.8,8729.3,0.0011,2020-05-10 20:03,2020-05-10 20:04,-0.04363508499999824
OKhzdl2004726,8709.6,8754.9,0.0011,2020-05-10 20:04,2020-05-10 20:05,0.020960494999998858
OKhzdl2004727,8713.6,8709.0,0.0011,2020-05-10 20:04,2020-05-10 20:04,-0.03377814999999984
OKhzdl2004725,8758.1,8744.7,0.0011,2020-05-10 20:04,2020-05-10 20:04,-0.04357587500000015
OKhzdl2004729,8704.6,8752.1,0.0011,2020-05-10 20:04,2020-05-10 20:05,0.023389724999999473
OKhzdl2004732,8688.9,8677.7,0.0011,2020-05-10 20:10,2020-05-10 20:10,-0.03616936500000101
OKhzdl2004731,8687.8,8686.9,0.0011,2020-05-10 20:10,2020-05-10 20:10,-0.024864645000000962
OKhzdl2004730,8720.2,8707.0,0.0011,2020-05-10 20:10,2020-05-10 20:10,-0.03844988999999899
OKhzdl2004734,8673.7,8717.0,0.0011,2020-05-10 20:12,2020-05-10 20:15,0.018885470000000737
OKhzdl2004736,8709.5,8696.2,0.0011,2020-05-10 20:17,2020-05-10 20:18,-0.03853021000000112
OKhzdl2004737,8705.9,8745.3,0.0011,2020-05-10 20:20,2020-05-10 20:30,0.0145021449999998
OKhzdl2004739,8699.4,8693.8,0.0011,2020-05-10 21:08,2020-05-10 21:08,-0.030053610000001285
OKhzdl2004740,8700.0,8740.6,0.00087477,2020-05-10 21:25,2020-05-10 21:45,1.9753386500000003
OKhzdl2004741,8690.5,8730.8,0.001,2020-05-10 22:12,2020-05-10 22:19,0.8845899599999996
OKhzdl2004742,8728.1,8714.7,0.0011,2020-05-10 22:20,2020-05-10 22:27,-0.03869105500000103
OKhzdl2004743,8738.4,8725.0,0.0011,2020-05-10 22:25,2020-05-10 22:27,-0.03871935999999998
OKhzdl2004744,8810.5,8797.1,0.0011,2020-05-10 23:01,2020-05-10 23:02,-0.038917514999999625
OKhzdl2004745,8805.6,8793.1,0.0011,2020-05-10 23:01,2020-05-10 23:02,-0.042694720000000075
OKhzdl2004746,8791.4,8779.0,0.0011,2020-05-10 23:04,2020-05-10 23:07,-0.03776777000000209
OKhzdl2004747,8755.1,8744.5,0.0011,2020-05-10 23:08,2020-05-10 23:09,-0.0356929550000018
OKhzdl2004748,8749.4,8744.7,0.0011,2020-05-10 23:08,2020-05-10 23:09,-0.029203504999999907
OKhzdl2004750,8725.7,8715.4,0.0011,2020-05-10 23:11,2020-05-10 23:11,-0.0352829700000008
OKhzdl2004751,8720.1,8708.3,0.0011,2020-05-10 23:24,2020-05-10 23:24,-0.04159672200000131
OKhzdl2004752,8703.3,8690.2,0.0011,2020-05-10 23:24,2020-05-10 23:25,-0.03829372000000042
OKhzdl2004753,8685.3,8673.3,0.0011,2020-05-10 23:25,2020-05-10 23:25,-0.037037265000000374
OKhzdl2004756,8630.1,8669.1,0.0011,2020-05-10 23:26,2020-05-10 23:28,0.01431342500000099
OKhzdl2004754,8631.9,8632.4,0.0011,2020-05-10 23:26,2020-05-10 23:26,-0.023174859999999242
OKhzdl2004759,8572.6,8572.2,0.0011,2020-05-10 23:31,2020-05-10 23:31,-0.023999410000000054
OKhzdl2004760,8587.8,8578.6,0.0011,2020-05-10 23:32,2020-05-10 23:32,-0.03369700000000009
OKhzdl2004764,8700.3,8741.4,0.0011,2020-05-10 23:46,2020-05-10 23:46,0.021185570000000098
OKhzdl2004765,8713.5,8709.0,0.0011,2020-05-10 23:46,2020-05-10 23:46,-0.028885389999999234
OKhzdl2004766,8731.2,8770.7,0.0011,2020-05-10 23:46,2020-05-10 23:47,0.014528395000001026
OKhzdl2004768,8768.0,8754.6,0.0011,2020-05-10 23:47,2020-05-10 23:47,-0.038800710000000294
OKhzdl2004769,8756.5,8743.2,0.0011,2020-05-10 23:47,2020-05-10 23:48,-0.03865937999999858
OKhzdl2004770,8740.9,8735.9,0.0011,2020-05-10 23:54,2020-05-10 23:54,-0.029509315000000313
OKhzdl2004773,8771.1,8757.9,0.0011,2020-05-11 00:00,2020-05-11 00:04,-0.03858977500000016
OKhzdl2004774,8769.2,8756.3,0.0011,2020-05-11 00:01,2020-05-11 00:06,-0.04306412499999901
OKhzdl2004777,8760.6,8800.6,0.0011,2020-05-11 00:18,2020-05-11 00:31,0.014979800000000765
OKhzdl2004778,8774.0,8760.8,0.0011,2020-05-11 00:21,2020-05-11 00:40,-0.038597750000000985
OKhzdl2004781,8707.5,8751.5,0.0011,2020-05-11 00:46,2020-05-11 00:56,0.01954170499999819
